alpha,true_obj,solve_time,n_open
0.5,inf,0.2642521858215332,1
0.7,inf,0.23511815071105957,1
0.8,inf,0.2898070812225342,1
0.9,inf,0.2635457515716553,1
0.95,inf,0.28984808921813965,1
