train_size,qnn_val_loss,iqnn_val_loss
500,124.1260981405935,96.90787063106414
1000,45.7325954129619,64.3061998428837
2000,30.89968192192816,38.347955426862164
5000,17.904301643371582,21.38674053069084
15851,10.984102756746355,10.813371750616259
