delta,surrogate_obj,true_obj,solve_time,mip_gap
0.0,674.5647853726474,686.6134083468683,0.042136192321777344,0.0
10.0,,inf,0.05057573318481445,0.0
50.0,,inf,0.0011568069458007812,0.0
100.0,,inf,0.001135110855102539,0.0
500.0,,inf,0.0011916160583496094,0.0
IQNN,677.4804996544817,686.6134083468683,0.4053776264190674,0.0
