{
  "config": {
    "n_facilities": 10,
    "n_customers": 10,
    "num_train": 10000,
    "hidden_dims": [
      64,
      64
    ],
    "num_quantiles": 50,
    "delta_qnn": 100.0,
    "alpha": 0.9,
    "lambda_risk": 1.0
  },
  "training": {
    "qnn_val_loss": 16.835402119544245,
    "iqnn_val_loss": 17.02656401357343,
    "qnn_train_time_s": 5.936753749847412,
    "iqnn_train_time_s": 5.949941873550415
  },
  "crossing_analysis": {
    "qnn_mean_crossings": 11.501515151515152,
    "iqnn_mean_crossings": 0.0
  },
  "risk_neutral": {
    "qnn": {
      "true_obj": Infinity,
      "solve_time": 0.0009639263153076172,
      "mip_gap": 0.0
    },
    "iqnn": {
      "true_obj": Infinity,
      "solve_time": 0.21021699905395508,
      "mip_gap": 7.472249856146462e-05
    },
    "saa": {
      "true_obj": 494.551223056822,
      "solve_time": 0.29022693634033203,
      "n_scenarios": 50
    }
  },
  "risk_averse": {
    "qnn": {
      "true_obj": Infinity,
      "solve_time": 0.0008630752563476562
    },
    "iqnn": {
      "true_obj": Infinity,
      "solve_time": 0.26370906829833984
    }
  }
}